,No,Date,Pairs,Method,Confluance,RR,Behavior,Reason,Causes,Psychology,Class,Bias,Last,Pos,Margin,Result,PnL,,
,1,28-1-25,BTCUSDT.P,Scalping,"OB, 15M",-1,Reversal,RC - $ - CR,Loss,Confident,A+,https://www.tradingview.com/x/tGMpksIG/,https://www.tradingview.com/x/WxOXAQFT/,B,"$16,88",Loss,"-$16,88",,,
,2,29-1-25,BTCUSDT.P,Scalping,"OB, 15M","4,11",Reversal,RC - $ - CR,,Confident,A+,https://www.tradingview.com/x/GSm3CANu/,https://www.tradingview.com/x/BtrVULn2/,S,"$16,54",Profit,"$67,97",,
,3,30-1-25,SOLUSDT.P,Scalping,"FVG, 1H",0,Continuasion,RC - $ - CR,OTG,Confident,A+,https://www.tradingview.com/x/gNICrBLP/,https://www.tradingview.com/x/RAu72dhS/,B,,Missed,,,,
,4,31-1-25,BTCUSDT.P,Scalping,"FVG, 15M",0,Reversal,RC - $ - CR,OTG,Confident,A+,https://www.tradingview.com/x/uiUHbWWS/,https://www.tradingview.com/x/iEUTxt8D/,S,,Missed,,,,
,5,1-2-25,BTCUSDT.P,Scalping,"OB, 15M",-1,Continuasion,RC - $ - CR,Loss,Doubtful,A,https://www.tradingview.com/x/IDAo1Ueu/,https://www.tradingview.com/x/9ChYfSHs/,S,"$17,90",Loss,"-$17,90",,,
,6,2-2-25,BTCUSDT.P,Scalping,"OB, 15M","3,48",Reversal,RC - $ - CR,,Confident,A+,https://www.tradingview.com/x/VNpGsR3C/,https://www.tradingview.com/x/L2HR0lD3/,S,"$17,54",Profit,"$61,04",,
,7,3-2-25,SOLUSDT.P,Scalping,"OB, 15M",0,Reversal,RC - $ - CR,OTG,Confident,A,https://www.tradingview.com/x/dKMtTavJ/,https://www.tradingview.com/x/PVyEMWJf/,B,,Missed,,,,
,8,4-2-25,SOLUSDT.P,Scalping,"FVG, 15M","3,69",Continuasion,RC - $ - CR,,Confident,A,https://www.tradingview.com/x/QoFMwGgG/,https://www.tradingview.com/x/UgLGInh3/,B,"$18,76",Profit,"$69,22",,
,9,5-2-25,SOLUSDT.P,Scalping,"OB, 15M","4,12",Reversal,RC - $ - CR,,Confident,A+,https://www.tradingview.com/x/RQZMRWWq/,https://www.tradingview.com/x/dw897VWF/,S,"$20,14",Profit,"$82,99",,,
,10,6-2-25,SOLUSDT.P,Scalping,"OB, 15M",-1,Reversal,RC - $ - CR,Loss,Confident,A,https://www.tradingview.com/x/34Mc9Yja/,https://www.tradingview.com/x/XAb77FiS/,S,"$21,80",Loss,"-$21,80",,
,11,7-2-25,BTCUSDT.P,Scalping,"OB, 15M",0,Reversal,RC - $ - CR,Loss,Doubtful,A,https://www.tradingview.com/x/CFSQBBYe/,https://www.tradingview.com/x/njl1wJ8L/,S,,Missed,,,,
,12,8-2-25,SOLUSDT.P,Scalping,"FVG, 15M",-1,Continuasion,RC - $ - CR,OTG,Confident,A+,https://www.tradingview.com/x/V1JGQNUY/,https://www.tradingview.com/x/WdBvsVrk/,B,"$21,37",Loss,"-$21,37",,
,13,9-2-25,SOLUSDT.P,Scalping,"OB, 15M",-1,Reversal,RC - $ - CR,OTG,Confident,A+,https://www.tradingview.com/x/i5eadTYR/,https://www.tradingview.com/x/gc2BnUzt/,B,"$20,94",Loss,"-$20,94",,,
,14,10-2-25,SOLUSDT.P,Scalping,"FVG, 15M","3,38",Reversal,RC - $ - CR,OTG,Confident,A+,https://www.tradingview.com/x/iBpNovyo/,https://www.tradingview.com/x/3faNVo4O/,S,"$20,52",Profit,"$69,36",,
,15,11-2-25,BTCUSDT.P,Scalping,"OB, 15M",0,Reversal,RC - $ - CR,OTG,Confident,A,https://www.tradingview.com/x/tSvoQy52/,https://www.tradingview.com/x/nmmXp95G/,B,,Missed,,,,"0,13%"
,16,12-2-25,SOLUSDT.P,Scalping,"FVG, 15M",0,Reversal,RC - $ - CR,,Confident,A,https://www.tradingview.com/x/VslHNYKF/,https://www.tradingview.com/x/dWBLqbTF/,S,,Missed,,,,
,17,13-2-25,BTCUSDT.P,Scalping,"OB, 15M",-1,Reversal,RC - $ - CR,Loss,Confident,A,https://www.tradingview.com/x/iHbaFo9r/,https://www.tradingview.com/x/zglaFJE0/,S,"$21,91",Loss,"-$21,91",,,
,18,14-2-25,SOLUSDT.P,Scalping,"OB, 15M","3,45",Reversal,RC - $ - CR,,Confident,A+,https://www.tradingview.com/x/etePxoNP/,https://www.tradingview.com/x/5keg9TRy/,B,"$21,47",Profit,"$74,07",,,
,19,15-2-25,SOLUSDT.P,Scalping,"FVG, 15M",0,Reversal,RC - $ - CR,OTG,Confident,A,https://www.tradingview.com/x/R59jqa4U/,https://www.tradingview.com/x/vbjuZn7J/,B,,Missed,,,,
,20,16-2-25,SOLUSDT.P,Scalping,"OB, 15M","4,47",Reversal,RC - $ - CR,Loss,Confident,A,https://www.tradingview.com/x/vbjuZn7J/,https://www.tradingview.com/x/NOGVwivI/,B,"$22,95",Profit,"$102,60",,,
,21,17-2-25,SOLUSDT.P,Scalping,"FVG, 15M",-1,Reversal,RC - $ - CR,OTG,Doubtful,A+,https://www.tradingview.com/x/pROVAn8z/,https://www.tradingview.com/x/oP3TlQJJ/,B,"$25,00",Loss,"-$25,00",,,
,22,18-2-25,SOLUSDT.P,Scalping,"FVG, 15M","4,46",Continuasion,RC - $ - CR,,Confident,A+,https://www.tradingview.com/x/XIkEe0yO/,https://www.tradingview.com/x/HgFvRaUi/,B,"$24,50",Profit,"$109,29",,,
,23,19-2-25,SOLUSDT.P,Scalping,"FVG, 15M",0,Continuasion,RC - $ - CR,,Confident,A,https://www.tradingview.com/x/QoFMwGgG/,https://www.tradingview.com/x/UgLGInh3/,B,,Missed,,,,
,24,20-2-25,SOLUSDT.P,Scalping,"OB, 15M",-1,Reversal,RC - $ - CR,,Confident,A+,https://www.tradingview.com/x/RQZMRWWq/,https://www.tradingview.com/x/dw897VWF/,S,"$26,69",Loss,"-$26,69",,,
,25,21-2-25,SOLUSDT.P,Scalping,"FVG, 15M",-1,Reversal,RC - $ - CR,OTG,Confident,A+,https://www.tradingview.com/x/G4bevxP3/,https://www.tradingview.com/x/MkNWR5cH/,S,"$26,16",Loss,"-$26,16",,,
,26,22-2-25,SOLUSDT.P,Scalping,"OB, 15M","3,42",Continuasion,RC - $ - CR,Loss,Confident,A,https://www.tradingview.com/x/3jmrFQKv/,https://www.tradingview.com/x/6syf9RB7/,B,"$25,63",Profit,"$87,66",,,
,27,23-2-25,ETHUSDT.P,Scalping,"FVG, 15M","5,79",Reversal,RC - $ - CR,,Confident,A,https://www.tradingview.com/x/h7MZYp92/,https://www.tradingview.com/x/KwLpjPc4/,B,"$27,39",Profit,"$158,57",,,
,28,24-2-25,SOLUSDT.P,Scalping,"OB, 1H",-1,Reversal,RC - $ - CR,Loss,Confident,A,https://www.tradingview.com/x/b2xhjXHl/,https://www.tradingview.com/x/uMkMG3im/,B,"$30,56",Loss,"-$30,56",,,
,29,25-2-25,ETHUSDT.P,Scalping,"FVG, 15M",0,Reversal,RC - $ - CR,OTG,Confident,A+,https://www.tradingview.com/x/vho57UBT/,https://www.tradingview.com/x/cnqtMCbx/,S,,Missed,,,,
,30,26-2-25,SOLUSDT.P,Scalping,"FVG, 15M",-1,Continuasion,RC - $ - CR,Loss,Confident,A,https://www.tradingview.com/x/XfnynYAC/,https://www.tradingview.com/x/Pd1WBpOZ/,B,"$29,95",Loss,"-$29,95",,,
,31,27-2-25,BTCUSDT.P,Scalping,"OB, 15M","5,61",Continuasion,RC - $ - CR,,Confident,A,https://www.tradingview.com/x/QoFMwGgG/,https://www.tradingview.com/x/UgLGInh3/,B,"$29,35",Profit,"$164,64",,,
,32,28-2-25,SOLUSDT.P,Scalping,"OB, 5M","5,02",Reversal,RC - $ - CR,,Confident,A+,https://www.tradingview.com/x/RQZMRWWq/,https://www.tradingview.com/x/dw897VWF/,S,"$32,64",Profit,"$163,85",,,
,33,1-3-25,SOLUSDT.P,Scalping,"OB, 15M",0,Reversal,RC - $ - CR,,Confident,A+,https://www.tradingview.com/x/wo2BGCFg/,https://www.tradingview.com/x/qDIdwXUo/,S,,Missed,,,,
,34,2-3-25,SOLUSDT.P,Scalping,"FVG, 15M",-1,Reversal,RC - $ - CR,Loss,Confident,A+,https://www.tradingview.com/x/rFgiXSj9/,https://www.tradingview.com/x/yYjOcK5w/,S,"$35,92",Loss,"-$35,92",,,
,35,3-3-25,SOLUSDT.P,Scalping,"FVG, 1H",-1,Continuasion,RC - $ - CR,Loss,Confident,A,https://www.tradingview.com/x/ldSyQiBz/,https://www.tradingview.com/x/KElSpu1e/,B,"$35,20",Loss,"-$35,20",,,
,36,4-3-25,SOLUSDT.P,Scalping,"FVG, 15M","3,86",Reversal,RC - $ - CR,,Confident,A+,https://www.tradingview.com/x/kkclmapV/,https://www.tradingview.com/x/gAypxkDG/,S,"$34,50",Profit,"$133,15",,,
,37,5-3-25,SOLUSDT.P,Scalping,"FVG, 15M",-1,Reversal,RC - $ - CR,,Confident,A+,https://www.tradingview.com/x/9cnoyYb2/,https://www.tradingview.com/x/q8vGg7g3/,S,"$37,16",Loss,"-$37,16",,,
,38,6-3-25,BTCUSDT.P,Scalping,"OB, 15M","5,12",Reversal,RC - $ - CR,Loss,Confident,A+,https://www.tradingview.com/x/tGMpksIG/,https://www.tradingview.com/x/WxOXAQFT/,B,"$36,41",Profit,"$186,44",,,
,39,7-3-25,BTCUSDT.P,Scalping,"OB, 15M",0,Reversal,RC - $ - CR,Loss,Confident,A+,https://www.tradingview.com/x/tGMpksIG/,https://www.tradingview.com/x/WxOXAQFT/,B,,Missed,,,,
,40,8-3-25,BTCUSDT.P,Scalping,"OB, 15M",0,Reversal,RC - $ - CR,,Confident,A+,https://www.tradingview.com/x/GSm3CANu/,https://www.tradingview.com/x/BtrVULn2/,S,,Missed,,,,
,41,9-3-25,SOLUSDT.P,Scalping,"FVG, 1H",-1,Continuasion,RC - $ - CR,OTG,Confident,A+,https://www.tradingview.com/x/gNICrBLP/,https://www.tradingview.com/x/RAu72dhS/,B,"$40,14",Loss,"-$40,14",,,
,42,10-3-25,BTCUSDT.P,Scalping,"FVG, 15M","5,71",Reversal,RC - $ - CR,OTG,Confident,A+,https://www.tradingview.com/x/uiUHbWWS/,https://www.tradingview.com/x/iEUTxt8D/,S,"$39,34",Profit,"$224,64",,,
,43,11-3-25,BTCUSDT.P,Scalping,"OB, 15M",-1,Continuasion,RC - $ - CR,Loss,Doubtful,A,https://www.tradingview.com/x/IDAo1Ueu/,https://www.tradingview.com/x/9ChYfSHs/,S,"$43,83",Loss,"-$43,83",,,
,44,12-3-25,BTCUSDT.P,Scalping,"OB, 15M",0,Reversal,RC - $ - CR,,Confident,A+,https://www.tradingview.com/x/VNpGsR3C/,https://www.tradingview.com/x/L2HR0lD3/,S,,Missed,,,,
,45,13-3-25,SOLUSDT.P,Scalping,"OB, 15M",-1,Reversal,RC - $ - CR,OTG,Confident,A,https://www.tradingview.com/x/dKMtTavJ/,https://www.tradingview.com/x/PVyEMWJf/,B,"$42,96",Loss,"-$42,96",,,
,46,14-3-25,SOLUSDT.P,Scalping,"FVG, 15M",-1,Continuasion,RC - $ - CR,,Confident,A,https://www.tradingview.com/x/QoFMwGgG/,https://www.tradingview.com/x/UgLGInh3/,B,"$42,10",Loss,"-$42,10",,,
,47,15-3-25,SOLUSDT.P,Scalping,"OB, 15M","3,33",Reversal,RC - $ - CR,,Confident,A+,https://www.tradingview.com/x/RQZMRWWq/,https://www.tradingview.com/x/dw897VWF/,S,"$41,26",Profit,"$137,38",,,
,48,16-3-25,SOLUSDT.P,Scalping,"OB, 15M",-1,Reversal,RC - $ - CR,Loss,Confident,A,https://www.tradingview.com/x/34Mc9Yja/,https://www.tradingview.com/x/XAb77FiS/,S,"$44,00",Loss,"-$44,00",,,
,49,17-3-25,BTCUSDT.P,Scalping,"OB, 15M","3,33",Reversal,RC - $ - CR,Loss,Doubtful,A,https://www.tradingview.com/x/CFSQBBYe/,https://www.tradingview.com/x/njl1wJ8L/,S,"$43,12",Profit,"$143,60",,,
,50,18-3-25,BTCUSDT.P,Scalping,"OB, 15M",0,Continuasion,RC - $ - CR,OTG,Confident,A+,https://www.tradingview.com/x/V1JGQNUY/,https://www.tradingview.com/x/WdBvsVrk/,B,,Missed,,,,
,51,19-3-25,SOLUSDT.P,Scalping,"FVG, 1H",-1,Reversal,RC - $ - CR,OTG,Confident,A+,https://www.tradingview.com/x/i5eadTYR/,https://www.tradingview.com/x/gc2BnUzt/,B,"$46,00",Loss,"-$46,00",,,
,52,20-3-25,BTCUSDT.P,Scalping,"FVG, 15M",-1,Reversal,RC - $ - CR,OTG,Confident,A+,https://www.tradingview.com/x/iBpNovyo/,https://www.tradingview.com/x/3faNVo4O/,S,"$45,08",Loss,"-$45,08",,,
,53,21-3-25,BTCUSDT.P,Scalping,"OB, 15M","3,76",Reversal,RC - $ - CR,OTG,Confident,A,https://www.tradingview.com/x/tSvoQy52/,https://www.tradingview.com/x/nmmXp95G/,B,"$44,17",Profit,"$166,09",,,
,54,22-3-25,BTCUSDT.P,Scalping,"OB, 15M","5,32",Reversal,RC - $ - CR,,Confident,A,https://www.tradingview.com/x/VslHNYKF/,https://www.tradingview.com/x/dWBLqbTF/,S,"$47,50",Profit,"$252,68",,,
,55,23-3-25,SOLUSDT.P,Scalping,"OB, 15M",-1,Reversal,RC - $ - CR,Loss,Confident,A,https://www.tradingview.com/x/iHbaFo9r/,https://www.tradingview.com/x/zglaFJE0/,S,"$52,55",Loss,"-$52,55",,,
,56,24-3-25,SOLUSDT.P,Scalping,"FVG, 15M",-1,Reversal,RC - $ - CR,,Confident,A+,https://www.tradingview.com/x/etePxoNP/,https://www.tradingview.com/x/5keg9TRy/,B,"$51,50",Loss,"-$51,50",,,
,57,25-3-25,SOLUSDT.P,Scalping,"OB, 15M","4,45",Reversal,RC - $ - CR,OTG,Confident,A,https://www.tradingview.com/x/R59jqa4U/,https://www.tradingview.com/x/vbjuZn7J/,B,"$50,47",Profit,"$224,59",,,
,58,26-3-25,SOLUSDT.P,Scalping,"OB, 15M",0,Reversal,RC - $ - CR,Loss,Confident,A,https://www.tradingview.com/x/vbjuZn7J/,https://www.tradingview.com/x/NOGVwivI/,B,,Missed,,,,
,59,27-3-25,BTCUSDT.P,Scalping,"OB, 15M",0,Reversal,RC - $ - CR,OTG,Doubtful,A+,https://www.tradingview.com/x/pROVAn8z/,https://www.tradingview.com/x/oP3TlQJJ/,B,,Missed,,,,
,60,28-3-25,SOLUSDT.P,Scalping,"FVG, 15M",-1,Continuasion,RC - $ - CR,,Confident,A+,https://www.tradingview.com/x/XIkEe0yO/,https://www.tradingview.com/x/HgFvRaUi/,B,"$54,96",Loss,"-$54,96",,,
,61,29-3-25,SOLUSDT.P,Scalping,"OB, 15M","5,52",Continuasion,RC - $ - CR,,Confident,A,https://www.tradingview.com/x/QoFMwGgG/,https://www.tradingview.com/x/UgLGInh3/,B,"$53,86",Profit,"$297,31",,,
,62,30-3-25,SOLUSDT.P,Scalping,"FVG, 15M",0,Reversal,RC - $ - CR,,Confident,A+,https://www.tradingview.com/x/RQZMRWWq/,https://www.tradingview.com/x/dw897VWF/,S,,Missed,,,,
,63,31-3-25,BTCUSDT.P,Scalping,"OB, 15M","5,53",Reversal,RC - $ - CR,OTG,Confident,A+,https://www.tradingview.com/x/G4bevxP3/,https://www.tradingview.com/x/MkNWR5cH/,S,"$59,81",Profit,"$330,74",,,
,64,1-4-25,SOLUSDT.P,Scalping,"FVG, 15M","4,67",Continuasion,RC - $ - CR,Loss,Confident,A,https://www.tradingview.com/x/3jmrFQKv/,https://www.tradingview.com/x/6syf9RB7/,B,"$66,42",Profit,"$310,19",,,
,65,2-4-25,BTCUSDT.P,Scalping,"OB, 15M",-1,Reversal,RC - $ - CR,,Confident,A,https://www.tradingview.com/x/h7MZYp92/,https://www.tradingview.com/x/KwLpjPc4/,B,"$72,63",Loss,"-$72,63",,,
,66,3-4-25,SOLUSDT.P,Scalping,"OB, 15M",-1,Reversal,RC - $ - CR,Loss,Confident,A,https://www.tradingview.com/x/b2xhjXHl/,https://www.tradingview.com/x/uMkMG3im/,B,"$71,17",Loss,"-$71,17",,,
,67,4-4-25,SOLUSDT.P,Scalping,"FVG, 15M",0,Reversal,RC - $ - CR,OTG,Confident,A+,https://www.tradingview.com/x/vho57UBT/,https://www.tradingview.com/x/cnqtMCbx/,S,,Missed,,,,
,68,5-4-25,BTCUSDT.P,Scalping,"OB, 15M",-1,Continuasion,RC - $ - CR,Loss,Confident,A,https://www.tradingview.com/x/XfnynYAC/,https://www.tradingview.com/x/Pd1WBpOZ/,B,"$69,75",Loss,"-$69,75",,,
,69,6-4-25,BTCUSDT.P,Scalping,"OB, 15M","4,66",Continuasion,RC - $ - CR,,Confident,A,https://www.tradingview.com/x/QoFMwGgG/,https://www.tradingview.com/x/UgLGInh3/,B,"$68,35",Profit,"$318,53",,,
,70,7-4-25,SOLUSDT.P,Scalping,"FVG, 1H",0,Reversal,RC - $ - CR,,Confident,A+,https://www.tradingview.com/x/RQZMRWWq/,https://www.tradingview.com/x/dw897VWF/,S,,Missed,,,,
,71,8-4-25,BTCUSDT.P,Scalping,"FVG, 15M",0,Reversal,RC - $ - CR,,Confident,A+,https://www.tradingview.com/x/wo2BGCFg/,https://www.tradingview.com/x/qDIdwXUo/,S,,Missed,,,,
,72,9-4-25,BTCUSDT.P,Scalping,"OB, 15M",-1,Reversal,RC - $ - CR,Loss,Confident,A+,https://www.tradingview.com/x/rFgiXSj9/,https://www.tradingview.com/x/yYjOcK5w/,S,"$74,73",Loss,"-$74,73",,,
,73,10-4-25,BTCUSDT.P,Scalping,"OB, 15M","4,27",Continuasion,RC - $ - CR,Loss,Confident,A,https://www.tradingview.com/x/ldSyQiBz/,https://www.tradingview.com/x/KElSpu1e/,B,"$73,23",Profit,"$312,70",,,
,74,11-4-25,SOLUSDT.P,Scalping,"OB, 15M",0,Reversal,RC - $ - CR,,Confident,A+,https://www.tradingview.com/x/kkclmapV/,https://www.tradingview.com/x/gAypxkDG/,S,,Missed,,,,
,75,12-4-25,SOLUSDT.P,Scalping,"FVG, 15M",-1,Reversal,RC - $ - CR,,Confident,A+,https://www.tradingview.com/x/9cnoyYb2/,https://www.tradingview.com/x/q8vGg7g3/,S,"$79,49",Loss,"-$79,49",,,
,76,13-4-25,SOLUSDT.P,Scalping,"OB, 15M","4,77",Reversal,RC - $ - CR,Loss,Confident,A+,https://www.tradingview.com/x/tGMpksIG/,https://www.tradingview.com/x/WxOXAQFT/,B,"$77,90",Profit,"$371,56",,,
,77,14-4-25,SOLUSDT.P,Scalping,"OB, 15M",0,Reversal,RC - $ - CR,Loss,Confident,A+,https://www.tradingview.com/x/tGMpksIG/,https://www.tradingview.com/x/WxOXAQFT/,B,,Missed,,,,
,78,15-4-25,BTCUSDT.P,Scalping,"OB, 15M",-1,Reversal,RC - $ - CR,,Confident,A+,https://www.tradingview.com/x/GSm3CANu/,https://www.tradingview.com/x/BtrVULn2/,S,"$85,33",Loss,"-$85,33",,,
,79,16-4-25,SOLUSDT.P,Scalping,"FVG, 15M",-1,Continuasion,RC - $ - CR,OTG,Confident,A+,https://www.tradingview.com/x/gNICrBLP/,https://www.tradingview.com/x/RAu72dhS/,B,"$83,62",Loss,"-$83,62",,,
,80,17-4-25,SOLUSDT.P,Scalping,"OB, 15M","3,92",Reversal,RC - $ - CR,OTG,Confident,A+,https://www.tradingview.com/x/uiUHbWWS/,https://www.tradingview.com/x/iEUTxt8D/,S,"$81,95",Profit,"$321,23",,,
,81,18-4-25,SOLUSDT.P,Scalping,"FVG, 15M","4,27",Continuasion,RC - $ - CR,Loss,Doubtful,A,https://www.tradingview.com/x/IDAo1Ueu/,https://www.tradingview.com/x/9ChYfSHs/,S,"$88,37",Profit,"$377,35",,,
,82,19-4-25,BTCUSDT.P,Scalping,"OB, 15M","4,02",Reversal,RC - $ - CR,,Confident,A+,https://www.tradingview.com/x/VNpGsR3C/,https://www.tradingview.com/x/L2HR0lD3/,S,"$95,92",Profit,"$385,60",,,
,83,20-4-25,SOLUSDT.P,Scalping,"FVG, 15M",0,Reversal,RC - $ - CR,OTG,Confident,A,https://www.tradingview.com/x/dKMtTavJ/,https://www.tradingview.com/x/PVyEMWJf/,B,,Missed,,,,
,84,21-4-25,BTCUSDT.P,Scalping,"OB, 15M",0,Continuasion,RC - $ - CR,,Confident,A,https://www.tradingview.com/x/QoFMwGgG/,https://www.tradingview.com/x/UgLGInh3/,B,,Missed,,,,
,85,22-4-25,SOLUSDT.P,Scalping,"OB, 15M",-1,Reversal,RC - $ - CR,,Confident,A+,https://www.tradingview.com/x/RQZMRWWq/,https://www.tradingview.com/x/dw897VWF/,S,"$103,63",Loss,"-$103,63",,,
,86,23-4-25,SOLUSDT.P,Scalping,"FVG, 15M","4,35",Reversal,RC - $ - CR,Loss,Confident,A,https://www.tradingview.com/x/34Mc9Yja/,https://www.tradingview.com/x/XAb77FiS/,S,"$101,56",Profit,"$441,78",,,
,87,24-4-25,SOLUSDT.P,Scalping,"OB, 15M",0,Reversal,RC - $ - CR,Loss,Doubtful,A,https://www.tradingview.com/x/CFSQBBYe/,https://www.tradingview.com/x/njl1wJ8L/,S,,Missed,,,,
,88,25-4-25,SOLUSDT.P,Scalping,"FVG, 15M","5,33",Continuasion,RC - $ - CR,OTG,Confident,A+,https://www.tradingview.com/x/V1JGQNUY/,https://www.tradingview.com/x/WdBvsVrk/,B,"$110,39",Profit,"$588,40",,,
,89,26-4-25,SOLUSDT.P,Scalping,"FVG, 15M","4,64",Reversal,RC - $ - CR,OTG,Confident,A+,https://www.tradingview.com/x/i5eadTYR/,https://www.tradingview.com/x/gc2BnUzt/,B,"$122,16",Profit,"$566,83",,,
,90,27-4-25,SOLUSDT.P,Scalping,"FVG, 15M",-1,Reversal,RC - $ - CR,OTG,Confident,A+,https://www.tradingview.com/x/iBpNovyo/,https://www.tradingview.com/x/3faNVo4O/,S,"$133,50",Loss,"-$133,50",,,
,91,28-4-25,SOLUSDT.P,Scalping,"OB, 15M",-1,Reversal,RC - $ - CR,OTG,Confident,A,https://www.tradingview.com/x/tSvoQy52/,https://www.tradingview.com/x/nmmXp95G/,B,"$130,83",Loss,"-$130,83",,,
,92,29-4-25,SOLUSDT.P,Scalping,"FVG, 15M",0,Reversal,RC - $ - CR,,Confident,A,https://www.tradingview.com/x/VslHNYKF/,https://www.tradingview.com/x/dWBLqbTF/,S,,Missed,,,,
,93,30-4-25,BTCUSDT.P,Scalping,"OB, 15M",-1,Reversal,RC - $ - CR,Loss,Confident,A+,https://www.tradingview.com/x/tGMpksIG/,https://www.tradingview.com/x/WxOXAQFT/,B,"$128,21",Loss,"-$128,21",,,
,94,1-5-25,BTCUSDT.P,Scalping,"OB, 15M","4,77",Reversal,RC - $ - CR,,Confident,A+,https://www.tradingview.com/x/GSm3CANu/,https://www.tradingview.com/x/BtrVULn2/,S,"$125,65",Profit,"$599,34",,,
,95,2-5-25,SOLUSDT.P,Scalping,"FVG, 1H",0,Continuasion,RC - $ - CR,OTG,Confident,A+,https://www.tradingview.com/x/gNICrBLP/,https://www.tradingview.com/x/RAu72dhS/,B,,Missed,,,,
,96,3-5-25,BTCUSDT.P,Scalping,"FVG, 15M",0,Reversal,RC - $ - CR,OTG,Confident,A+,https://www.tradingview.com/x/uiUHbWWS/,https://www.tradingview.com/x/iEUTxt8D/,S,,Missed,,,,
,97,4-5-25,BTCUSDT.P,Scalping,"OB, 15M","5,35",Continuasion,RC - $ - CR,Loss,Doubtful,A,https://www.tradingview.com/x/IDAo1Ueu/,https://www.tradingview.com/x/9ChYfSHs/,S,"$137,64",Profit,"$736,35",,,
,98,5-5-25,BTCUSDT.P,Scalping,"OB, 15M","3,73",Reversal,RC - $ - CR,,Confident,A+,https://www.tradingview.com/x/VNpGsR3C/,https://www.tradingview.com/x/L2HR0lD3/,S,"$152,36",Profit,"$568,31",,,
,99,6-5-25,SOLUSDT.P,Scalping,"OB, 15M",-1,Reversal,RC - $ - CR,OTG,Confident,A,https://www.tradingview.com/x/dKMtTavJ/,https://www.tradingview.com/x/PVyEMWJf/,B,"$163,73",Loss,"-$163,73",,,
,100,7-5-25,SOLUSDT.P,Scalping,"FVG, 15M",-1,Continuasion,RC - $ - CR,,Confident,A,https://www.tradingview.com/x/QoFMwGgG/,https://www.tradingview.com/x/UgLGInh3/,B,"$160,45",Loss,"-$160,45",,,
,101,8-5-25,SOLUSDT.P,Scalping,"OB, 15M","3,27",Reversal,RC - $ - CR,,Confident,A+,https://www.tradingview.com/x/RQZMRWWq/,https://www.tradingview.com/x/dw897VWF/,S,"$157,24",Profit,"$514,19",,,
,102,9-5-25,SOLUSDT.P,Scalping,"OB, 15M",0,Reversal,RC - $ - CR,Loss,Confident,A,https://www.tradingview.com/x/34Mc9Yja/,https://www.tradingview.com/x/XAb77FiS/,S,,Missed,,,,
,103,10-5-25,BTCUSDT.P,Scalping,"OB, 15M",0,Reversal,RC - $ - CR,Loss,Doubtful,A,https://www.tradingview.com/x/CFSQBBYe/,https://www.tradingview.com/x/njl1wJ8L/,S,,Missed,,,,
,104,11-5-25,SOLUSDT.P,Scalping,"FVG, 15M",-1,Continuasion,RC - $ - CR,OTG,Confident,A+,https://www.tradingview.com/x/V1JGQNUY/,https://www.tradingview.com/x/WdBvsVrk/,B,"$167,53",Loss,"-$167,53",,,
,105,12-5-25,SOLUSDT.P,Scalping,"OB, 15M","5,82",Reversal,RC - $ - CR,OTG,Confident,A+,https://www.tradingview.com/x/i5eadTYR/,https://www.tradingview.com/x/gc2BnUzt/,B,"$164,18",Profit,"$955,51",,,
,106,13-5-25,SOLUSDT.P,Scalping,"FVG, 15M",0,Reversal,RC - $ - CR,OTG,Confident,A+,https://www.tradingview.com/x/iBpNovyo/,https://www.tradingview.com/x/3faNVo4O/,S,,Missed,,,,
,107,14-5-25,BTCUSDT.P,Scalping,"OB, 15M","4,04",Reversal,RC - $ - CR,OTG,Confident,A,https://www.tradingview.com/x/tSvoQy52/,https://www.tradingview.com/x/nmmXp95G/,B,"$183,29",Profit,"$740,48",,,
,108,15-5-25,SOLUSDT.P,Scalping,"FVG, 15M","3,97",Reversal,RC - $ - CR,,Confident,A,https://www.tradingview.com/x/VslHNYKF/,https://www.tradingview.com/x/dWBLqbTF/,S,"$198,10",Profit,"$786,45",,,
,109,16-5-25,BTCUSDT.P,Scalping,"OB, 15M","5,32",Reversal,RC - $ - CR,Loss,Confident,A,https://www.tradingview.com/x/iHbaFo9r/,https://www.tradingview.com/x/zglaFJE0/,S,"$213,83",Profit,"$1.137,56",,,
,110,17-5-25,SOLUSDT.P,Scalping,"OB, 15M",0,Reversal,RC - $ - CR,,Confident,A+,https://www.tradingview.com/x/etePxoNP/,https://www.tradingview.com/x/5keg9TRy/,B,,Missed,,,,
,111,18-5-25,SOLUSDT.P,Scalping,"FVG, 15M",-1,Reversal,RC - $ - CR,OTG,Confident,A,https://www.tradingview.com/x/R59jqa4U/,https://www.tradingview.com/x/vbjuZn7J/,B,"$236,58",Loss,"-$236,58",,,
,112,19-5-25,SOLUSDT.P,Scalping,"OB, 15M",-1,Reversal,RC - $ - CR,Loss,Confident,A,https://www.tradingview.com/x/vbjuZn7J/,https://www.tradingview.com/x/NOGVwivI/,B,"$231,85",Loss,"-$231,85",,,
,113,20-5-25,SOLUSDT.P,Scalping,"FVG, 15M","5,84",Reversal,RC - $ - CR,OTG,Doubtful,A+,https://www.tradingview.com/x/pROVAn8z/,https://www.tradingview.com/x/oP3TlQJJ/,B,"$227,21",Profit,"$1.326,90",,,
,114,21-5-25,BTCUSDT.P,Scalping,"OB, 15M","5,44",Continuasion,RC - $ - CR,,Confident,A+,https://www.tradingview.com/x/XIkEe0yO/,https://www.tradingview.com/x/HgFvRaUi/,B,"$253,75",Profit,"$1.380,39",,,
,115,22-5-25,BTCUSDT.P,Scalping,"OB, 15M",3,Continuasion,RC - $ - CR,,Confident,A,https://www.tradingview.com/x/QoFMwGgG/,https://www.tradingview.com/x/UgLGInh3/,B,"$281,36",Profit,"$844,07",,,
,116,23-5-25,SOLUSDT.P,Scalping,"FVG, 1H",0,Reversal,RC - $ - CR,,Confident,A+,https://www.tradingview.com/x/RQZMRWWq/,https://www.tradingview.com/x/dw897VWF/,S,,Missed,,,,
,117,24-5-25,BTCUSDT.P,Scalping,"FVG, 15M","3,43",Reversal,RC - $ - CR,OTG,Confident,A+,https://www.tradingview.com/x/G4bevxP3/,https://www.tradingview.com/x/MkNWR5cH/,S,"$298,24",Profit,"$1.022,95",,,
,118,25-5-25,BTCUSDT.P,Scalping,"OB, 15M","3,23",Continuasion,RC - $ - CR,Loss,Confident,A,https://www.tradingview.com/x/3jmrFQKv/,https://www.tradingview.com/x/6syf9RB7/,B,"$318,70",Profit,"$1.029,39",,,
,119,26-5-25,BTCUSDT.P,Scalping,"OB, 15M",-1,Reversal,RC - $ - CR,,Confident,A,https://www.tradingview.com/x/h7MZYp92/,https://www.tradingview.com/x/KwLpjPc4/,B,"$339,28",Loss,"-$339,28",,,
,120,27-5-25,SOLUSDT.P,Scalping,"OB, 15M",-1,Reversal,RC - $ - CR,Loss,Confident,A,https://www.tradingview.com/x/b2xhjXHl/,https://www.tradingview.com/x/uMkMG3im/,B,"$332,50",Loss,"-$332,50",,,
,121,28-5-25,SOLUSDT.P,Scalping,"FVG, 15M",0,Reversal,RC - $ - CR,OTG,Confident,A+,https://www.tradingview.com/x/vho57UBT/,https://www.tradingview.com/x/cnqtMCbx/,S,,Missed,,,,
,122,29-5-25,SOLUSDT.P,Scalping,"OB, 15M",0,Continuasion,RC - $ - CR,Loss,Confident,A,https://www.tradingview.com/x/XfnynYAC/,https://www.tradingview.com/x/Pd1WBpOZ/,B,,Missed,,,,
,123,30-5-25,SOLUSDT.P,Scalping,"OB, 15M",-1,Continuasion,RC - $ - CR,,Confident,A,https://www.tradingview.com/x/QoFMwGgG/,https://www.tradingview.com/x/UgLGInh3/,B,"$325,85",Loss,"-$325,85",,,
,124,31-5-25,BTCUSDT.P,Scalping,"OB, 15M",0,Reversal,RC - $ - CR,,Confident,A+,https://www.tradingview.com/x/RQZMRWWq/,https://www.tradingview.com/x/dw897VWF/,S,,Missed,,,,
,125,1-6-25,SOLUSDT.P,Scalping,"FVG, 15M","5,86",Reversal,RC - $ - CR,,Confident,A+,https://www.tradingview.com/x/wo2BGCFg/,https://www.tradingview.com/x/qDIdwXUo/,S,"$319,33",Profit,"$1.871,28",,,
,126,2-6-25,SOLUSDT.P,Scalping,"OB, 15M",-1,Reversal,RC - $ - CR,Loss,Confident,A+,https://www.tradingview.com/x/tGMpksIG/,https://www.tradingview.com/x/WxOXAQFT/,B,"$356,76",Loss,"-$356,76",,,
,127,3-6-25,SOLUSDT.P,Scalping,"FVG, 15M","5,68",Reversal,RC - $ - CR,,Confident,A+,https://www.tradingview.com/x/GSm3CANu/,https://www.tradingview.com/x/BtrVULn2/,S,"$349,62",Profit,"$1.985,85",,,
,128,4-6-25,BTCUSDT.P,Scalping,"OB, 15M",0,Continuasion,RC - $ - CR,OTG,Confident,A+,https://www.tradingview.com/x/gNICrBLP/,https://www.tradingview.com/x/RAu72dhS/,B,,Missed,,,,
,129,5-6-25,SOLUSDT.P,Scalping,"FVG, 15M",-1,Reversal,RC - $ - CR,OTG,Confident,A+,https://www.tradingview.com/x/uiUHbWWS/,https://www.tradingview.com/x/iEUTxt8D/,S,"$389,34",Loss,"-$389,34",,,
,130,6-6-25,BTCUSDT.P,Scalping,"OB, 15M","4,96",Continuasion,RC - $ - CR,Loss,Doubtful,A,https://www.tradingview.com/x/IDAo1Ueu/,https://www.tradingview.com/x/9ChYfSHs/,S,"$381,55",Profit,"$1.892,49",,,
,131,7-6-25,SOLUSDT.P,Scalping,"OB, 15M","4,75",Reversal,RC - $ - CR,,Confident,A+,https://www.tradingview.com/x/VNpGsR3C/,https://www.tradingview.com/x/L2HR0lD3/,S,"$419,40",Profit,"$1.992,16",,,
,132,8-6-25,SOLUSDT.P,Scalping,"FVG, 15M",-1,Reversal,RC - $ - CR,OTG,Confident,A,https://www.tradingview.com/x/dKMtTavJ/,https://www.tradingview.com/x/PVyEMWJf/,B,"$459,24",Loss,"-$459,24",,,
,133,9-6-25,SOLUSDT.P,Scalping,"OB, 15M",-1,Continuasion,RC - $ - CR,,Confident,A,https://www.tradingview.com/x/QoFMwGgG/,https://www.tradingview.com/x/UgLGInh3/,B,"$450,06",Loss,"-$450,06",,,
,134,10-6-25,SOLUSDT.P,Scalping,"FVG, 15M",4,Reversal,RC - $ - CR,,Confident,A+,https://www.tradingview.com/x/RQZMRWWq/,https://www.tradingview.com/x/dw897VWF/,S,"$441,06",Profit,"$1.764,23",,,
,135,11-6-25,SOLUSDT.P,Scalping,"FVG, 15M",0,Reversal,RC - $ - CR,Loss,Confident,A,https://www.tradingview.com/x/34Mc9Yja/,https://www.tradingview.com/x/XAb77FiS/,S,,Missed,,,,
,136,12-6-25,SOLUSDT.P,Scalping,"FVG, 15M",0,Reversal,RC - $ - CR,Loss,Confident,A+,https://www.tradingview.com/x/tGMpksIG/,https://www.tradingview.com/x/WxOXAQFT/,B,,Missed,,,,
,137,13-6-25,SOLUSDT.P,Scalping,"OB, 15M",-1,Reversal,RC - $ - CR,,Confident,A+,https://www.tradingview.com/x/GSm3CANu/,https://www.tradingview.com/x/BtrVULn2/,S,"$476,34",Loss,"-$476,34",,,
,138,14-6-25,SOLUSDT.P,Scalping,"FVG, 15M","4,52",Continuasion,RC - $ - CR,OTG,Confident,A+,https://www.tradingview.com/x/gNICrBLP/,https://www.tradingview.com/x/RAu72dhS/,B,"$466,82",Profit,"$2.110,01",,,
,139,15-6-25,SOLUSDT.P,Scalping,"OB, 15M",0,Reversal,RC - $ - CR,OTG,Confident,A+,https://www.tradingview.com/x/uiUHbWWS/,https://www.tradingview.com/x/iEUTxt8D/,S,,Missed,,,,
,140,16-6-25,BTCUSDT.P,Scalping,"OB, 15M","3,8",Continuasion,RC - $ - CR,Loss,Doubtful,A,https://www.tradingview.com/x/IDAo1Ueu/,https://www.tradingview.com/x/9ChYfSHs/,S,"$509,02",Profit,"$1.934,26",,,
,141,17-6-25,BTCUSDT.P,Scalping,"OB, 15M","3,19",Reversal,RC - $ - CR,,Confident,A+,https://www.tradingview.com/x/VNpGsR3C/,https://www.tradingview.com/x/L2HR0lD3/,S,"$547,70",Profit,"$1.747,17",,,
,142,18-6-25,SOLUSDT.P,Scalping,"FVG, 1H","5,49",Reversal,RC - $ - CR,OTG,Confident,A,https://www.tradingview.com/x/dKMtTavJ/,https://www.tradingview.com/x/PVyEMWJf/,B,"$582,64",Profit,"$3.198,72",,,
,143,19-6-25,BTCUSDT.P,Scalping,"FVG, 15M",0,Continuasion,RC - $ - CR,,Confident,A,https://www.tradingview.com/x/QoFMwGgG/,https://www.tradingview.com/x/UgLGInh3/,B,,Missed,,,,
,144,20-6-25,BTCUSDT.P,Scalping,"OB, 15M",-1,Reversal,RC - $ - CR,,Confident,A+,https://www.tradingview.com/x/RQZMRWWq/,https://www.tradingview.com/x/dw897VWF/,S,"$646,62",Loss,"-$646,62",,,
,145,21-6-25,BTCUSDT.P,Scalping,"OB, 15M","4,55",Reversal,RC - $ - CR,Loss,Confident,A,https://www.tradingview.com/x/34Mc9Yja/,https://www.tradingview.com/x/XAb77FiS/,S,"$633,69",Profit,"$2.883,27",,,
,146,22-6-25,SOLUSDT.P,Scalping,"OB, 15M","3,5",Reversal,RC - $ - CR,Loss,Doubtful,A,https://www.tradingview.com/x/CFSQBBYe/,https://www.tradingview.com/x/njl1wJ8L/,S,"$691,35",Profit,"$2.419,73",,,
,147,23-6-25,SOLUSDT.P,Scalping,"FVG, 15M",-1,Continuasion,RC - $ - CR,OTG,Confident,A+,https://www.tradingview.com/x/V1JGQNUY/,https://www.tradingview.com/x/WdBvsVrk/,B,"$739,75",Loss,"-$739,75",,,
,148,24-6-25,SOLUSDT.P,Scalping,"OB, 15M",-1,Reversal,RC - $ - CR,OTG,Confident,A+,https://www.tradingview.com/x/i5eadTYR/,https://www.tradingview.com/x/gc2BnUzt/,B,"$724,95",Loss,"-$724,95",,,
,149,25-6-25,SOLUSDT.P,Scalping,"OB, 15M",0,Reversal,RC - $ - CR,OTG,Confident,A+,https://www.tradingview.com/x/iBpNovyo/,https://www.tradingview.com/x/3faNVo4O/,S,,Missed,,,,
,150,26-6-25,BTCUSDT.P,Scalping,"OB, 15M",0,Reversal,RC - $ - CR,OTG,Confident,A,https://www.tradingview.com/x/tSvoQy52/,https://www.tradingview.com/x/nmmXp95G/,B,,Missed,,,,
,151,27-6-25,SOLUSDT.P,Scalping,"FVG, 15M",-1,Reversal,RC - $ - CR,,Confident,A,https://www.tradingview.com/x/VslHNYKF/,https://www.tradingview.com/x/dWBLqbTF/,S,"$710,45",Loss,"-$710,45",,,
,152,28-6-25,SOLUSDT.P,Scalping,"OB, 15M",-1,Reversal,RC - $ - CR,Loss,Confident,A,https://www.tradingview.com/x/iHbaFo9r/,https://www.tradingview.com/x/zglaFJE0/,S,"$696,24",Loss,"-$696,24",,,
,153,29-6-25,SOLUSDT.P,Scalping,"FVG, 15M",0,Reversal,RC - $ - CR,,Confident,A+,https://www.tradingview.com/x/etePxoNP/,https://www.tradingview.com/x/5keg9TRy/,B,,Missed,,,,
,154,30-6-25,BTCUSDT.P,Scalping,"OB, 15M",-1,Reversal,RC - $ - CR,OTG,Confident,A,https://www.tradingview.com/x/R59jqa4U/,https://www.tradingview.com/x/vbjuZn7J/,B,"$682,32",Loss,"-$682,32",,,
,155,1-7-25,SOLUSDT.P,Scalping,"FVG, 15M",-1,Reversal,RC - $ - CR,Loss,Confident,A,https://www.tradingview.com/x/vbjuZn7J/,https://www.tradingview.com/x/NOGVwivI/,B,"$668,67",Loss,"-$668,67",,,
,156,2-7-25,BTCUSDT.P,Scalping,"OB, 15M","4,3",Reversal,RC - $ - CR,OTG,Doubtful,A+,https://www.tradingview.com/x/pROVAn8z/,https://www.tradingview.com/x/oP3TlQJJ/,B,"$655,30",Profit,"$2.817,79",,,
,157,3-7-25,SOLUSDT.P,Scalping,"OB, 15M",0,Continuasion,RC - $ - CR,,Confident,A+,https://www.tradingview.com/x/XIkEe0yO/,https://www.tradingview.com/x/HgFvRaUi/,B,,Missed,,,,
,158,4-7-25,SOLUSDT.P,Scalping,"FVG, 15M",0,Reversal,RC - $ - CR,Loss,Confident,A+,https://www.tradingview.com/x/tGMpksIG/,https://www.tradingview.com/x/WxOXAQFT/,B,,Missed,,,,
,159,5-7-25,SOLUSDT.P,Scalping,"OB, 15M",-1,Reversal,RC - $ - CR,,Confident,A+,https://www.tradingview.com/x/GSm3CANu/,https://www.tradingview.com/x/BtrVULn2/,S,"$711,65",Loss,"-$711,65",,,
,160,6-7-25,BTCUSDT.P,Scalping,"OB, 15M","3,7",Continuasion,RC - $ - CR,OTG,Confident,A+,https://www.tradingview.com/x/gNICrBLP/,https://www.tradingview.com/x/RAu72dhS/,B,"$697,42",Profit,"$2.580,46",,,
,161,7-7-25,BTCUSDT.P,Scalping,"OB, 15M",0,Reversal,RC - $ - CR,OTG,Confident,A+,https://www.tradingview.com/x/uiUHbWWS/,https://www.tradingview.com/x/iEUTxt8D/,S,,Missed,,,,
,162,8-7-25,SOLUSDT.P,Scalping,"FVG, 1H","5,73",Continuasion,RC - $ - CR,Loss,Doubtful,A,https://www.tradingview.com/x/IDAo1Ueu/,https://www.tradingview.com/x/9ChYfSHs/,S,"$749,03",Profit,"$4.291,95",,,
,163,9-7-25,BTCUSDT.P,Scalping,"FVG, 15M","3,22",Reversal,RC - $ - CR,,Confident,A+,https://www.tradingview.com/x/VNpGsR3C/,https://www.tradingview.com/x/L2HR0lD3/,S,"$834,87",Profit,"$2.688,28",,,
,164,10-7-25,BTCUSDT.P,Scalping,"OB, 15M",-1,Reversal,RC - $ - CR,OTG,Confident,A,https://www.tradingview.com/x/dKMtTavJ/,https://www.tradingview.com/x/PVyEMWJf/,B,"$888,64",Loss,"-$888,64",,,
,165,11-7-25,BTCUSDT.P,Scalping,"OB, 15M",-1,Continuasion,RC - $ - CR,,Confident,A,https://www.tradingview.com/x/QoFMwGgG/,https://www.tradingview.com/x/UgLGInh3/,B,"$870,86",Loss,"-$870,86",,,
,166,12-7-25,SOLUSDT.P,Scalping,"OB, 15M",0,Reversal,RC - $ - CR,,Confident,A+,https://www.tradingview.com/x/RQZMRWWq/,https://www.tradingview.com/x/dw897VWF/,S,,Missed,,,,
,167,13-7-25,BTCUSDT.P,Scalping,"OB, 15M","4,55",Reversal,RC - $ - CR,Loss,Confident,A,https://www.tradingview.com/x/34Mc9Yja/,https://www.tradingview.com/x/XAb77FiS/,S,"$853,45",Profit,"$3.883,18",,,
,168,14-7-25,BTCUSDT.P,Scalping,"OB, 15M","4,09",Reversal,RC - $ - CR,Loss,Doubtful,A,https://www.tradingview.com/x/CFSQBBYe/,https://www.tradingview.com/x/njl1wJ8L/,S,"$931,11",Profit,"$3.808,24",,,
,169,15-7-25,SOLUSDT.P,Scalping,"FVG, 1H",-1,Continuasion,RC - $ - CR,OTG,Confident,A+,https://www.tradingview.com/x/V1JGQNUY/,https://www.tradingview.com/x/WdBvsVrk/,B,"$1.007,27",Loss,"-$1.007,27",,,
,170,16-7-25,BTCUSDT.P,Scalping,"FVG, 15M",-1,Reversal,RC - $ - CR,OTG,Confident,A+,https://www.tradingview.com/x/i5eadTYR/,https://www.tradingview.com/x/gc2BnUzt/,B,"$987,13",Loss,"-$987,13",,,
,171,17-7-25,BTCUSDT.P,Scalping,"OB, 15M","5,07",Reversal,RC - $ - CR,OTG,Confident,A+,https://www.tradingview.com/x/iBpNovyo/,https://www.tradingview.com/x/3faNVo4O/,S,"$967,39",Profit,"$4.904,65",,,
,172,18-7-25,BTCUSDT.P,Scalping,"OB, 15M",0,Reversal,RC - $ - CR,OTG,Confident,A,https://www.tradingview.com/x/tSvoQy52/,https://www.tradingview.com/x/nmmXp95G/,B,,Missed,,,,
,173,19-7-25,SOLUSDT.P,Scalping,"OB, 15M",-1,Reversal,RC - $ - CR,,Confident,A,https://www.tradingview.com/x/VslHNYKF/,https://www.tradingview.com/x/dWBLqbTF/,S,"$1.065,48",Loss,"-$1.065,48",,,
,174,20-7-25,SOLUSDT.P,Scalping,"FVG, 15M","5,47",Reversal,RC - $ - CR,Loss,Confident,A,https://www.tradingview.com/x/iHbaFo9r/,https://www.tradingview.com/x/zglaFJE0/,S,"$1.044,17",Profit,"$5.711,61",,,
,175,21-7-25,SOLUSDT.P,Scalping,"OB, 15M",0,Reversal,RC - $ - CR,,Confident,A+,https://www.tradingview.com/x/etePxoNP/,https://www.tradingview.com/x/5keg9TRy/,B,,Missed,,,,
,176,22-7-25,BTCUSDT.P,Scalping,"OB, 15M","4,44",Reversal,RC - $ - CR,OTG,Confident,A,https://www.tradingview.com/x/R59jqa4U/,https://www.tradingview.com/x/vbjuZn7J/,B,"$1.158,40",Profit,"$5.143,30",,,
,177,23-7-25,BTCUSDT.P,Scalping,"OB, 15M","3,08",Reversal,RC - $ - CR,Loss,Confident,A,https://www.tradingview.com/x/vbjuZn7J/,https://www.tradingview.com/x/NOGVwivI/,B,"$1.261,27",Profit,"$3.884,70",,,
,178,24-7-25,SOLUSDT.P,Scalping,"FVG, 1H",-1,Reversal,RC - $ - CR,OTG,Doubtful,A+,https://www.tradingview.com/x/pROVAn8z/,https://www.tradingview.com/x/oP3TlQJJ/,B,"$1.338,96",Loss,"-$1.338,96",,,
,179,25-7-25,BTCUSDT.P,Scalping,"FVG, 15M",-1,Continuasion,RC - $ - CR,,Confident,A+,https://www.tradingview.com/x/XIkEe0yO/,https://www.tradingview.com/x/HgFvRaUi/,B,"$1.312,18",Loss,"-$1.312,18",,,
,180,26-7-25,BTCUSDT.P,Scalping,"OB, 15M","3,97",Reversal,RC - $ - CR,Loss,Confident,A+,https://www.tradingview.com/x/tGMpksIG/,https://www.tradingview.com/x/WxOXAQFT/,B,"$1.285,94",Profit,"$5.105,18",,,
,181,27-7-25,BTCUSDT.P,Scalping,"OB, 15M",0,Reversal,RC - $ - CR,,Confident,A+,https://www.tradingview.com/x/GSm3CANu/,https://www.tradingview.com/x/BtrVULn2/,S,,Missed,,,,
,182,28-7-25,SOLUSDT.P,Scalping,"OB, 15M",0,Continuasion,RC - $ - CR,OTG,Confident,A+,https://www.tradingview.com/x/gNICrBLP/,https://www.tradingview.com/x/RAu72dhS/,B,,Missed,,,,
,183,29-7-25,SOLUSDT.P,Scalping,"FVG, 15M",-1,Reversal,RC - $ - CR,OTG,Confident,A+,https://www.tradingview.com/x/uiUHbWWS/,https://www.tradingview.com/x/iEUTxt8D/,S,"$1.388,04",Loss,"-$1.388,04",,,
,184,30-7-25,SOLUSDT.P,Scalping,"OB, 15M","4,12",Continuasion,RC - $ - CR,Loss,Doubtful,A,https://www.tradingview.com/x/IDAo1Ueu/,https://www.tradingview.com/x/9ChYfSHs/,S,"$1.360,28",Profit,"$5.604,36",,,
,185,31-7-25,SOLUSDT.P,Scalping,"OB, 15M","4,84",Reversal,RC - $ - CR,,Confident,A+,https://www.tradingview.com/x/VNpGsR3C/,https://www.tradingview.com/x/L2HR0lD3/,S,"$1.472,37",Profit,"$7.126,26",,,
,186,1-8-25,BTCUSDT.P,Scalping,"OB, 15M",-1,Reversal,RC - $ - CR,OTG,Confident,A,https://www.tradingview.com/x/dKMtTavJ/,https://www.tradingview.com/x/PVyEMWJf/,B,"$1.614,89",Loss,"-$1.614,89",,,
,187,2-8-25,SOLUSDT.P,Scalping,"FVG, 15M",-1,Continuasion,RC - $ - CR,,Confident,A,https://www.tradingview.com/x/QoFMwGgG/,https://www.tradingview.com/x/UgLGInh3/,B,"$1.582,60",Loss,"-$1.582,60",,,
,188,3-8-25,SOLUSDT.P,Scalping,"OB, 15M",0,Reversal,RC - $ - CR,,Confident,A+,https://www.tradingview.com/x/RQZMRWWq/,https://www.tradingview.com/x/dw897VWF/,S,,Missed,,,,
,189,4-8-25,SOLUSDT.P,Scalping,"FVG, 15M",0,Reversal,RC - $ - CR,Loss,Confident,A,https://www.tradingview.com/x/34Mc9Yja/,https://www.tradingview.com/x/XAb77FiS/,S,,Missed,,,,
,190,5-8-25,BTCUSDT.P,Scalping,"OB, 15M",-1,Reversal,RC - $ - CR,Loss,Doubtful,A,https://www.tradingview.com/x/CFSQBBYe/,https://www.tradingview.com/x/njl1wJ8L/,S,"$1.550,94",Loss,"-$1.550,94",,,
,191,6-8-25,SOLUSDT.P,Scalping,"FVG, 15M","3,55",Continuasion,RC - $ - CR,OTG,Confident,A+,https://www.tradingview.com/x/V1JGQNUY/,https://www.tradingview.com/x/WdBvsVrk/,B,"$1.519,92",Profit,"$5.395,73",,,
,192,7-8-25,BTCUSDT.P,Scalping,"OB, 15M",4,Reversal,RC - $ - CR,OTG,Confident,A+,https://www.tradingview.com/x/i5eadTYR/,https://www.tradingview.com/x/gc2BnUzt/,B,"$1.627,84",Profit,"$6.511,36",,,
,193,8-8-25,SOLUSDT.P,Scalping,"OB, 15M",-1,Reversal,RC - $ - CR,OTG,Confident,A+,https://www.tradingview.com/x/iBpNovyo/,https://www.tradingview.com/x/3faNVo4O/,S,"$1.758,07",Loss,"-$1.758,07",,,
,194,9-8-25,SOLUSDT.P,Scalping,"FVG, 15M",0,Reversal,RC - $ - CR,OTG,Confident,A,https://www.tradingview.com/x/tSvoQy52/,https://www.tradingview.com/x/nmmXp95G/,B,,Missed,,,,
,195,10-8-25,SOLUSDT.P,Scalping,"OB, 15M",-1,Reversal,RC - $ - CR,,Confident,A,https://www.tradingview.com/x/VslHNYKF/,https://www.tradingview.com/x/dWBLqbTF/,S,"$1.722,91",Loss,"-$1.722,91",,,
,196,11-8-25,SOLUSDT.P,Scalping,"FVG, 15M",-1,Reversal,RC - $ - CR,Loss,Confident,A,https://www.tradingview.com/x/iHbaFo9r/,https://www.tradingview.com/x/zglaFJE0/,S,"$1.688,45",Loss,"-$1.688,45",,,
,197,12-8-25,SOLUSDT.P,Scalping,"FVG, 15M","5,05",Reversal,RC - $ - CR,,Confident,A+,https://www.tradingview.com/x/etePxoNP/,https://www.tradingview.com/x/5keg9TRy/,B,"$1.654,68",Profit,"$8.356,13",,,
,198,13-8-25,SOLUSDT.P,Scalping,"FVG, 15M",0,Reversal,RC - $ - CR,OTG,Confident,A,https://www.tradingview.com/x/R59jqa4U/,https://www.tradingview.com/x/vbjuZn7J/,B,,Missed,,,,
,199,14-8-25,BTCUSDT.P,Scalping,"OB, 15M",0,Reversal,RC - $ - CR,Loss,Confident,A,https://www.tradingview.com/x/vbjuZn7J/,https://www.tradingview.com/x/NOGVwivI/,B,,Missed,,,,
,200,15-8-25,BTCUSDT.P,Scalping,"OB, 15M",-1,Reversal,RC - $ - CR,Loss,Confident,A+,https://www.tradingview.com/x/tGMpksIG/,https://www.tradingview.com/x/WxOXAQFT/,B,"$1.821,80",Loss,"-$1.821,80",,,
,201,16-8-25,SOLUSDT.P,Scalping,"FVG, 1H","4,27",Reversal,RC - $ - CR,,Confident,A+,https://www.tradingview.com/x/GSm3CANu/,https://www.tradingview.com/x/BtrVULn2/,S,"$1.785,36",Profit,"$7.623,51",,,
,202,17-8-25,BTCUSDT.P,Scalping,"FVG, 15M",0,Continuasion,RC - $ - CR,OTG,Confident,A+,https://www.tradingview.com/x/gNICrBLP/,https://www.tradingview.com/x/RAu72dhS/,B,,Missed,,,,
,203,18-8-25,BTCUSDT.P,Scalping,"OB, 15M","5,65",Reversal,RC - $ - CR,OTG,Confident,A+,https://www.tradingview.com/x/uiUHbWWS/,https://www.tradingview.com/x/iEUTxt8D/,S,"$1.937,83",Profit,"$10.948,77",,,
,204,19-8-25,BTCUSDT.P,Scalping,"OB, 15M","3,3",Continuasion,RC - $ - CR,Loss,Doubtful,A,https://www.tradingview.com/x/IDAo1Ueu/,https://www.tradingview.com/x/9ChYfSHs/,S,"$2.156,81",Profit,"$7.117,47",,,
,205,20-8-25,SOLUSDT.P,Scalping,"OB, 15M",-1,Reversal,RC - $ - CR,,Confident,A+,https://www.tradingview.com/x/VNpGsR3C/,https://www.tradingview.com/x/L2HR0lD3/,S,"$2.299,16",Loss,"-$2.299,16",,,
,206,21-8-25,SOLUSDT.P,Scalping,"FVG, 15M",-1,Reversal,RC - $ - CR,OTG,Confident,A,https://www.tradingview.com/x/dKMtTavJ/,https://www.tradingview.com/x/PVyEMWJf/,B,"$2.253,18",Loss,"-$2.253,18",,,
,207,22-8-25,SOLUSDT.P,Scalping,"OB, 15M","5,2",Continuasion,RC - $ - CR,,Confident,A,https://www.tradingview.com/x/QoFMwGgG/,https://www.tradingview.com/x/UgLGInh3/,B,"$2.208,11",Profit,"$11.482,19",,,
,208,23-8-25,SOLUSDT.P,Scalping,"OB, 15M",0,Reversal,RC - $ - CR,,Confident,A+,https://www.tradingview.com/x/RQZMRWWq/,https://www.tradingview.com/x/dw897VWF/,S,,Missed,,,,
,209,24-8-25,BTCUSDT.P,Scalping,"OB, 15M",0,Reversal,RC - $ - CR,Loss,Confident,A,https://www.tradingview.com/x/34Mc9Yja/,https://www.tradingview.com/x/XAb77FiS/,S,,Missed,,,,
,210,25-8-25,SOLUSDT.P,Scalping,"FVG, 15M",-1,Reversal,RC - $ - CR,Loss,Doubtful,A,https://www.tradingview.com/x/CFSQBBYe/,https://www.tradingview.com/x/njl1wJ8L/,S,"$2.437,76",Loss,"-$2.437,76",,,
,211,26-8-25,SOLUSDT.P,Scalping,"OB, 15M","4,07",Continuasion,RC - $ - CR,OTG,Confident,A+,https://www.tradingview.com/x/V1JGQNUY/,https://www.tradingview.com/x/WdBvsVrk/,B,"$2.389,00",Profit,"$9.723,24",,,
,212,27-8-25,SOLUSDT.P,Scalping,"FVG, 15M",0,Reversal,RC - $ - CR,OTG,Confident,A+,https://www.tradingview.com/x/i5eadTYR/,https://www.tradingview.com/x/gc2BnUzt/,B,,Missed,,,,
,213,28-8-25,BTCUSDT.P,Scalping,"OB, 15M","5,09",Reversal,RC - $ - CR,OTG,Confident,A+,https://www.tradingview.com/x/iBpNovyo/,https://www.tradingview.com/x/3faNVo4O/,S,"$2.583,47",Profit,"$13.149,84",,,
,214,29-8-25,SOLUSDT.P,Scalping,"FVG, 15M","4,81",Reversal,RC - $ - CR,OTG,Confident,A,https://www.tradingview.com/x/tSvoQy52/,https://www.tradingview.com/x/nmmXp95G/,B,"$2.846,46",Profit,"$13.691,49",,,
,215,30-8-25,BTCUSDT.P,Scalping,"OB, 15M",-1,Reversal,RC - $ - CR,,Confident,A,https://www.tradingview.com/x/VslHNYKF/,https://www.tradingview.com/x/dWBLqbTF/,S,"$3.120,29",Loss,"-$3.120,29",,,
,216,31-8-25,SOLUSDT.P,Scalping,"OB, 15M",-1,Reversal,RC - $ - CR,Loss,Confident,A,https://www.tradingview.com/x/iHbaFo9r/,https://www.tradingview.com/x/zglaFJE0/,S,"$3.057,89",Loss,"-$3.057,89",,,
,217,1-9-25,BTCUSDT.P,Scalping,"OB, 15M",0,Reversal,RC - $ - CR,,Confident,A+,https://www.tradingview.com/x/etePxoNP/,https://www.tradingview.com/x/5keg9TRy/,B,,Missed,,,,
,218,2-9-25,BTCUSDT.P,Scalping,"OB, 15M",0,Reversal,RC - $ - CR,OTG,Confident,A,https://www.tradingview.com/x/R59jqa4U/,https://www.tradingview.com/x/vbjuZn7J/,B,,Missed,,,,
,219,3-9-25,SOLUSDT.P,Scalping,"FVG, 1H",-1,Reversal,RC - $ - CR,Loss,Confident,A,https://www.tradingview.com/x/vbjuZn7J/,https://www.tradingview.com/x/NOGVwivI/,B,"$2.996,73",Loss,"-$2.996,73",,,
,220,4-9-25,BTCUSDT.P,Scalping,"FVG, 15M",-1,Reversal,RC - $ - CR,OTG,Doubtful,A+,https://www.tradingview.com/x/pROVAn8z/,https://www.tradingview.com/x/oP3TlQJJ/,B,"$2.936,79",Loss,"-$2.936,79",,,
,221,5-9-25,BTCUSDT.P,Scalping,"OB, 15M","3,74",Continuasion,RC - $ - CR,,Confident,A+,https://www.tradingview.com/x/XIkEe0yO/,https://www.tradingview.com/x/HgFvRaUi/,B,"$2.878,06",Profit,"$10.763,94",,,
,222,6-9-25,BTCUSDT.P,Scalping,"OB, 15M",0,Continuasion,RC - $ - CR,,Confident,A,https://www.tradingview.com/x/QoFMwGgG/,https://www.tradingview.com/x/UgLGInh3/,B,,Missed,,,,
,223,7-9-25,SOLUSDT.P,Scalping,"OB, 15M","3,61",Reversal,RC - $ - CR,,Confident,A+,https://www.tradingview.com/x/RQZMRWWq/,https://www.tradingview.com/x/dw897VWF/,S,"$3.093,34",Profit,"$11.166,95",,,
,224,8-9-25,SOLUSDT.P,Scalping,"FVG, 15M","5,28",Reversal,RC - $ - CR,OTG,Confident,A+,https://www.tradingview.com/x/G4bevxP3/,https://www.tradingview.com/x/MkNWR5cH/,S,"$3.316,68",Profit,"$17.512,05",,,
,225,9-9-25,SOLUSDT.P,Scalping,"OB, 15M","5,95",Continuasion,RC - $ - CR,Loss,Confident,A,https://www.tradingview.com/x/3jmrFQKv/,https://www.tradingview.com/x/6syf9RB7/,B,"$3.666,92",Profit,"$21.818,16",,,
,226,10-9-25,SOLUSDT.P,Scalping,"OB, 15M",0,Reversal,RC - $ - CR,,Confident,A,https://www.tradingview.com/x/h7MZYp92/,https://www.tradingview.com/x/KwLpjPc4/,B,,Missed,,,,
,227,11-9-25,BTCUSDT.P,Scalping,"OB, 15M","5,71",Reversal,RC - $ - CR,Loss,Confident,A,https://www.tradingview.com/x/b2xhjXHl/,https://www.tradingview.com/x/uMkMG3im/,B,"$4.103,28",Profit,"$23.429,73",,,
,228,12-9-25,SOLUSDT.P,Scalping,"FVG, 15M","3,5",Reversal,RC - $ - CR,OTG,Confident,A+,https://www.tradingview.com/x/vho57UBT/,https://www.tradingview.com/x/cnqtMCbx/,S,"$4.571,88",Profit,"$16.001,57",,,
,229,13-9-25,SOLUSDT.P,Scalping,"OB, 15M",-1,Continuasion,RC - $ - CR,Loss,Confident,A,https://www.tradingview.com/x/XfnynYAC/,https://www.tradingview.com/x/Pd1WBpOZ/,B,"$4.891,91",Loss,"-$4.891,91",,,
,230,14-9-25,SOLUSDT.P,Scalping,"FVG, 15M",-1,Continuasion,RC - $ - CR,,Confident,A,https://www.tradingview.com/x/QoFMwGgG/,https://www.tradingview.com/x/UgLGInh3/,B,"$4.794,07",Loss,"-$4.794,07",,,
,231,15-9-25,BTCUSDT.P,Scalping,"OB, 15M",0,Reversal,RC - $ - CR,,Confident,A+,https://www.tradingview.com/x/RQZMRWWq/,https://www.tradingview.com/x/dw897VWF/,S,,Missed,,,,
,232,16-9-25,SOLUSDT.P,Scalping,"FVG, 15M","4,55",Reversal,RC - $ - CR,Loss,Confident,A+,https://www.tradingview.com/x/tGMpksIG/,https://www.tradingview.com/x/WxOXAQFT/,B,"$4.698,19",Profit,"$21.376,75",,,
,233,17-9-25,BTCUSDT.P,Scalping,"OB, 15M",-1,Reversal,RC - $ - CR,,Confident,A+,https://www.tradingview.com/x/GSm3CANu/,https://www.tradingview.com/x/BtrVULn2/,S,"$5.125,72",Loss,"-$5.125,72",,,
,234,18-9-25,SOLUSDT.P,Scalping,"OB, 15M","3,5",Continuasion,RC - $ - CR,OTG,Confident,A+,https://www.tradingview.com/x/gNICrBLP/,https://www.tradingview.com/x/RAu72dhS/,B,"$5.023,21",Profit,"$17.581,23",,,
,235,19-9-25,SOLUSDT.P,Scalping,"FVG, 15M",0,Reversal,RC - $ - CR,OTG,Confident,A+,https://www.tradingview.com/x/uiUHbWWS/,https://www.tradingview.com/x/iEUTxt8D/,S,,Missed,,,,
,236,20-9-25,SOLUSDT.P,Scalping,"OB, 15M",-1,Continuasion,RC - $ - CR,Loss,Doubtful,A,https://www.tradingview.com/x/IDAo1Ueu/,https://www.tradingview.com/x/9ChYfSHs/,S,"$5.374,83",Loss,"-$5.374,83",,,
,237,21-9-25,SOLUSDT.P,Scalping,"FVG, 15M","5,04",Reversal,RC - $ - CR,,Confident,A+,https://www.tradingview.com/x/VNpGsR3C/,https://www.tradingview.com/x/L2HR0lD3/,S,"$5.267,34",Profit,"$26.547,37",,,
,238,22-9-25,SOLUSDT.P,Scalping,"FVG, 15M",-1,Reversal,RC - $ - CR,OTG,Confident,A,https://www.tradingview.com/x/dKMtTavJ/,https://www.tradingview.com/x/PVyEMWJf/,B,"$5.798,28",Loss,"-$5.798,28",,,
,239,23-9-25,SOLUSDT.P,Scalping,"FVG, 15M",0,Continuasion,RC - $ - CR,,Confident,A,https://www.tradingview.com/x/QoFMwGgG/,https://www.tradingview.com/x/UgLGInh3/,B,,Missed,,,,
,240,24-9-25,SOLUSDT.P,Scalping,"OB, 15M",-1,Reversal,RC - $ - CR,,Confident,A+,https://www.tradingview.com/x/RQZMRWWq/,https://www.tradingview.com/x/dw897VWF/,S,"$5.682,32",Loss,"-$5.682,32",,,
,241,25-9-25,SOLUSDT.P,Scalping,"FVG, 15M",-1,Reversal,RC - $ - CR,Loss,Confident,A,https://www.tradingview.com/x/34Mc9Yja/,https://www.tradingview.com/x/XAb77FiS/,S,"$5.568,67",Loss,"-$5.568,67",,,
,242,26-9-25,SOLUSDT.P,Scalping,"OB, 15M","5,85",Reversal,RC - $ - CR,Loss,Doubtful,A,https://www.tradingview.com/x/CFSQBBYe/,https://www.tradingview.com/x/njl1wJ8L/,S,"$5.457,30",Profit,"$31.925,19",,,
,243,27-9-25,ETHUSDT.P,Scalping,"FVG, 15M",0,Continuasion,RC - $ - CR,OTG,Confident,A+,https://www.tradingview.com/x/V1JGQNUY/,https://www.tradingview.com/x/WdBvsVrk/,B,,Missed,,,,
,244,28-9-25,SOLUSDT.P,Scalping,"OB, 1H",0,Reversal,RC - $ - CR,OTG,Confident,A+,https://www.tradingview.com/x/i5eadTYR/,https://www.tradingview.com/x/gc2BnUzt/,B,,Missed,,,,
,245,29-9-25,BTCUSDT.P,Scalping,"OB, 15M",-1,Reversal,RC - $ - CR,OTG,Confident,A+,https://www.tradingview.com/x/iBpNovyo/,https://www.tradingview.com/x/3faNVo4O/,S,"$6.095,80",Loss,"-$6.095,80",,,
,246,30-9-25,BTCUSDT.P,Scalping,"OB, 15M","3,8",Reversal,RC - $ - CR,Loss,Confident,A+,https://www.tradingview.com/x/tGMpksIG/,https://www.tradingview.com/x/WxOXAQFT/,B,"$5.973,89",Profit,"$22.700,77",,,
,247,1-10-25,SOLUSDT.P,Scalping,"FVG, 1H",0,Reversal,RC - $ - CR,,Confident,A+,https://www.tradingview.com/x/GSm3CANu/,https://www.tradingview.com/x/BtrVULn2/,S,,Missed,,,,
,248,2-10-25,BTCUSDT.P,Scalping,"FVG, 15M","4,46",Continuasion,RC - $ - CR,OTG,Confident,A+,https://www.tradingview.com/x/gNICrBLP/,https://www.tradingview.com/x/RAu72dhS/,B,"$6.427,90",Profit,"$28.668,44",,,
,249,3-10-25,BTCUSDT.P,Scalping,"OB, 15M","3,14",Reversal,RC - $ - CR,OTG,Confident,A+,https://www.tradingview.com/x/uiUHbWWS/,https://www.tradingview.com/x/iEUTxt8D/,S,"$7.001,27",Profit,"$21.983,99",,,
,250,4-10-25,BTCUSDT.P,Scalping,"OB, 15M",-1,Continuasion,RC - $ - CR,Loss,Doubtful,A,https://www.tradingview.com/x/IDAo1Ueu/,https://www.tradingview.com/x/9ChYfSHs/,S,"$7.440,95",Loss,"-$7.440,95",,,
,251,5-10-25,SOLUSDT.P,Scalping,"OB, 15M",-1,Reversal,RC - $ - CR,,Confident,A+,https://www.tradingview.com/x/VNpGsR3C/,https://www.tradingview.com/x/L2HR0lD3/,S,"$7.292,13",Loss,"-$7.292,13",,,
,252,6-10-25,SOLUSDT.P,Scalping,"FVG, 15M",0,Reversal,RC - $ - CR,OTG,Confident,A,https://www.tradingview.com/x/dKMtTavJ/,https://www.tradingview.com/x/PVyEMWJf/,B,,Missed,,,,
,253,7-10-25,SOLUSDT.P,Scalping,"OB, 15M",0,Continuasion,RC - $ - CR,,Confident,A,https://www.tradingview.com/x/QoFMwGgG/,https://www.tradingview.com/x/UgLGInh3/,B,,Missed,,,,
,254,8-10-25,SOLUSDT.P,Scalping,"OB, 15M",-1,Reversal,RC - $ - CR,,Confident,A+,https://www.tradingview.com/x/RQZMRWWq/,https://www.tradingview.com/x/dw897VWF/,S,"$7.146,29",Loss,"-$7.146,29",,,
,255,9-10-25,BTCUSDT.P,Scalping,"OB, 15M","3,03",Reversal,RC - $ - CR,Loss,Confident,A,https://www.tradingview.com/x/34Mc9Yja/,https://www.tradingview.com/x/XAb77FiS/,S,"$7.003,36",Profit,"$21.220,19",,,
,256,10-10-25,SOLUSDT.P,Scalping,"FVG, 15M",0,Reversal,RC - $ - CR,Loss,Doubtful,A,https://www.tradingview.com/x/CFSQBBYe/,https://www.tradingview.com/x/njl1wJ8L/,S,,Missed,,,,
,257,11-10-25,SOLUSDT.P,Scalping,"OB, 15M",0,Continuasion,RC - $ - CR,OTG,Confident,A+,https://www.tradingview.com/x/V1JGQNUY/,https://www.tradingview.com/x/WdBvsVrk/,B,,Missed,,,,
,258,12-10-25,SOLUSDT.P,Scalping,"FVG, 15M",-1,Reversal,RC - $ - CR,OTG,Confident,A+,https://www.tradingview.com/x/i5eadTYR/,https://www.tradingview.com/x/gc2BnUzt/,B,"$7.427,77",Loss,"-$7.427,77",,,
,259,13-10-25,BTCUSDT.P,Scalping,"OB, 15M","4,72",Reversal,RC - $ - CR,OTG,Confident,A+,https://www.tradingview.com/x/iBpNovyo/,https://www.tradingview.com/x/3faNVo4O/,S,"$7.279,21",Profit,"$34.357,88",,,
,260,14-10-25,SOLUSDT.P,Scalping,"FVG, 15M",0,Reversal,RC - $ - CR,OTG,Confident,A,https://www.tradingview.com/x/tSvoQy52/,https://www.tradingview.com/x/nmmXp95G/,B,,Missed,,,,
,261,15-10-25,BTCUSDT.P,Scalping,"OB, 15M","4,94",Reversal,RC - $ - CR,,Confident,A,https://www.tradingview.com/x/VslHNYKF/,https://www.tradingview.com/x/dWBLqbTF/,S,"$7.966,37",Profit,"$39.353,86",,,
,262,16-10-25,SOLUSDT.P,Scalping,"OB, 15M","5,13",Reversal,RC - $ - CR,Loss,Confident,A,https://www.tradingview.com/x/iHbaFo9r/,https://www.tradingview.com/x/zglaFJE0/,S,"$8.753,45",Profit,"$44.905,18",,,
,263,17-10-25,SOLUSDT.P,Scalping,"FVG, 15M",-1,Reversal,RC - $ - CR,,Confident,A+,https://www.tradingview.com/x/etePxoNP/,https://www.tradingview.com/x/5keg9TRy/,B,"$9.651,55",Loss,"-$9.651,55",,,
,264,18-10-25,SOLUSDT.P,Scalping,"OB, 15M",-1,Reversal,RC - $ - CR,OTG,Confident,A,https://www.tradingview.com/x/R59jqa4U/,https://www.tradingview.com/x/vbjuZn7J/,B,"$9.458,52",Loss,"-$9.458,52",,,
,265,19-10-25,SOLUSDT.P,Scalping,"FVG, 15M",0,Reversal,RC - $ - CR,Loss,Confident,A,https://www.tradingview.com/x/vbjuZn7J/,https://www.tradingview.com/x/NOGVwivI/,B,,Missed,,,,
,266,20-10-25,SOLUSDT.P,Scalping,"FVG, 15M","3,06",Reversal,RC - $ - CR,OTG,Doubtful,A+,https://www.tradingview.com/x/pROVAn8z/,https://www.tradingview.com/x/oP3TlQJJ/,B,"$9.269,35",Profit,"$28.364,20",,,
,267,21-10-25,SOLUSDT.P,Scalping,"FVG, 15M",-1,Continuasion,RC - $ - CR,,Confident,A+,https://www.tradingview.com/x/XIkEe0yO/,https://www.tradingview.com/x/HgFvRaUi/,B,"$9.836,63",Loss,"-$9.836,63",,,
,268,22-10-25,SOLUSDT.P,Scalping,"OB, 15M","3,23",Continuasion,RC - $ - CR,,Confident,A,https://www.tradingview.com/x/QoFMwGgG/,https://www.tradingview.com/x/UgLGInh3/,B,"$9.639,90",Profit,"$31.136,87",,,
,269,23-10-25,SOLUSDT.P,Scalping,"FVG, 15M",0,Reversal,RC - $ - CR,,Confident,A+,https://www.tradingview.com/x/RQZMRWWq/,https://www.tradingview.com/x/dw897VWF/,S,,Missed,,,,
,270,24-10-25,SOLUSDT.P,Scalping,"OB, 15M",0,Reversal,RC - $ - CR,OTG,Confident,A+,https://www.tradingview.com/x/G4bevxP3/,https://www.tradingview.com/x/MkNWR5cH/,S,,Missed,,,,
,271,25-10-25,ETHUSDT.P,Scalping,"FVG, 15M",-1,Continuasion,RC - $ - CR,Loss,Confident,A,https://www.tradingview.com/x/3jmrFQKv/,https://www.tradingview.com/x/6syf9RB7/,B,"$10.262,64",Loss,"-$10.262,64",,,